timestamp,actor_role,actor_id,action,target_type,target_id,old_value,new_value,reason
2026-10-05T13:10:16.861646+00:00,Team Leader,TL-001,ASSIGN_WORKER,case,SQ-000165,,SW-555,High-priority case reviewed and allocated based on available capacity.
2026-10-05T13:13:22.227485+00:00,Auditor,AUD-001,VIEW_AUDIT_LOG,audit,runtime_audit_log,,,
2026-10-05T13:40:33.573440+00:00,Auditor,AUD-001,VIEW_AUDIT_LOG,audit,runtime_audit_log,,,
2026-10-05T13:40:33.634412+00:00,Auditor,AUD-001,VIEW_AUDIT_LOG,audit,runtime_audit_log,,,
2026-10-05T13:51:48.225038+00:00,Auditor,AUD-001,VIEW_AUDIT_LOG,audit,runtime_audit_log,,,
2026-10-05T13:51:48.245983+00:00,Auditor,AUD-001,VIEW_AUDIT_LOG,audit,runtime_audit_log,,,
2026-10-05T13:51:58.270018+00:00,Auditor,AUD-001,VIEW_AUDIT_LOG,audit,runtime_audit_log,,,
2026-10-05T13:51:58.328562+00:00,Auditor,AUD-001,VIEW_AUDIT_LOG,audit,runtime_audit_log,,,
2026-10-05T13:52:02.621551+00:00,Auditor,AUD-001,VIEW_AUDIT_LOG,audit,runtime_audit_log,,,
2026-10-05T13:54:32.561841+00:00,Auditor,AUD-001,VIEW_AUDIT_LOG,audit,runtime_audit_log,,,
2026-10-05T13:54:32.643676+00:00,Auditor,AUD-001,VIEW_AUDIT_LOG,audit,runtime_audit_log,,,
2026-10-05T13:54:34.294888+00:00,Auditor,AUD-001,VIEW_AUDIT_LOG,audit,runtime_audit_log,,,
2026-10-05T13:54:34.370868+00:00,Auditor,AUD-001,VIEW_AUDIT_LOG,audit,runtime_audit_log,,,
2026-10-05T13:54:34.479107+00:00,Auditor,AUD-001,VIEW_AUDIT_LOG,audit,runtime_audit_log,,,
2026-10-05T13:54:34.581792+00:00,Auditor,AUD-001,VIEW_AUDIT_LOG,audit,runtime_audit_log,,,
2026-10-05T13:54:34.667148+00:00,Auditor,AUD-001,VIEW_AUDIT_LOG,audit,runtime_audit_log,,,
2026-10-05T13:54:34.710018+00:00,Auditor,AUD-001,VIEW_AUDIT_LOG,audit,runtime_audit_log,,,
2026-10-05T13:54:34.798471+00:00,Auditor,AUD-001,VIEW_AUDIT_LOG,audit,runtime_audit_log,,,
2026-10-05T13:54:34.865042+00:00,Auditor,AUD-001,VIEW_AUDIT_LOG,audit,runtime_audit_log,,,
2026-10-05T13:54:35.455801+00:00,Auditor,AUD-001,VIEW_AUDIT_LOG,audit,runtime_audit_log,,,
2026-10-05T13:54:35.541750+00:00,Auditor,AUD-001,VIEW_AUDIT_LOG,audit,runtime_audit_log,,,
2026-10-05T13:54:35.614697+00:00,Auditor,AUD-001,VIEW_AUDIT_LOG,audit,runtime_audit_log,,,
2026-10-05T13:54:35.688980+00:00,Auditor,AUD-001,VIEW_AUDIT_LOG,audit,runtime_audit_log,,,
2026-10-05T14:10:00.205370+00:00,Auditor,AUD-001,VIEW_AUDIT_LOG,audit,runtime_audit_log,,,
2026-10-05T14:10:00.277292+00:00,Auditor,AUD-001,VIEW_AUDIT_LOG,audit,runtime_audit_log,,,
2026-10-05T14:10:28.410816+00:00,Auditor,AUD-001,VIEW_AUDIT_LOG,audit,runtime_audit_log,,,
2026-10-05T14:10:28.476465+00:00,Auditor,AUD-001,VIEW_AUDIT_LOG,audit,runtime_audit_log,,,
2026-10-05T14:10:46.785492+00:00,Auditor,AUD-001,VIEW_AUDIT_LOG,audit,runtime_audit_log,,,
2026-10-05T14:16:45.224934+00:00,Auditor,AUD-001,VIEW_AUDIT_LOG,audit,runtime_audit_log,,,
2026-10-05T14:16:45.330555+00:00,Auditor,AUD-001,VIEW_AUDIT_LOG,audit,runtime_audit_log,,,
2026-10-05T14:16:51.285785+00:00,Auditor,AUD-001,VIEW_AUDIT_LOG,audit,runtime_audit_log,,,
2026-10-05T14:16:51.349861+00:00,Auditor,AUD-001,VIEW_AUDIT_LOG,audit,runtime_audit_log,,,
2026-10-05T14:17:12.345839+00:00,Auditor,AUD-001,VIEW_AUDIT_LOG,audit,runtime_audit_log,,,
2026-10-05T14:17:14.464530+00:00,Auditor,AUD-001,VIEW_AUDIT_LOG,audit,runtime_audit_log,,,
2026-10-05T14:17:15.257565+00:00,Auditor,AUD-001,VIEW_AUDIT_LOG,audit,runtime_audit_log,,,
2026-10-05T14:17:31.277259+00:00,Auditor,AUD-001,VIEW_AUDIT_LOG,audit,runtime_audit_log,,,
2026-10-05T14:17:32.267130+00:00,Auditor,AUD-001,VIEW_AUDIT_LOG,audit,runtime_audit_log,,,
2026-10-05T14:17:36.089036+00:00,Auditor,AUD-001,VIEW_AUDIT_LOG,audit,runtime_audit_log,,,
2026-10-05T14:17:36.872674+00:00,Auditor,AUD-001,VIEW_AUDIT_LOG,audit,runtime_audit_log,,,
2026-10-05T14:18:01.600161+00:00,Auditor,AUD-001,VIEW_AUDIT_LOG,audit,runtime_audit_log,,,
2026-10-05T14:18:02.530910+00:00,Auditor,AUD-001,VIEW_AUDIT_LOG,audit,runtime_audit_log,,,
2026-10-05T14:20:45.905810+00:00,Team Leader,TL-001,ASSIGN_WORKER,case,SQ-000029,,SW-700,Case reviewed and allocated based on available capacity.
2026-10-05T14:20:45.969747+00:00,Auditor,AUD-001,VIEW_AUDIT_LOG,audit,runtime_audit_log,,,
2026-10-05T14:21:11.056337+00:00,Auditor,AUD-001,VIEW_AUDIT_LOG,audit,runtime_audit_log,,,
2026-10-05T14:23:47.612241+00:00,Team Leader,TL-001,RESOLVE_ALERT,alert,ALT-45D9C7B19388,OPEN,RESOLVED,Reviewed and appropriate action completed.
2026-10-05T14:23:47.676182+00:00,Auditor,AUD-001,VIEW_AUDIT_LOG,audit,runtime_audit_log,,,
2026-10-05T14:24:02.351978+00:00,Auditor,AUD-001,VIEW_AUDIT_LOG,audit,runtime_audit_log,,,
2026-10-05T14:24:03.020471+00:00,Auditor,AUD-001,VIEW_AUDIT_LOG,audit,runtime_audit_log,,,
